{"Mean":{"confidence_interval":{"confidence_level":0.95,"lower_bound":1467312868.0809522,"upper_bound":1709609122.8103452},"point_estimate":1598017641.5826192,"standard_error":62146388.49754893},"Median":{"confidence_interval":{"confidence_level":0.95,"lower_bound":1478712210.3333335,"upper_bound":1735482734.875},"point_estimate":1655736122.0714285,"standard_error":65832731.85862547},"MedianAbsDev":{"confidence_interval":{"confidence_level":0.95,"lower_bound":29976050.756778575,"upper_bound":327907318.66868126},"point_estimate":145108968.15447584,"standard_error":73635714.41609517},"Slope":{"confidence_interval":{"confidence_level":0.95,"lower_bound":1592291679.1224914,"upper_bound":1717581995.9347422},"point_estimate":1666697446.3584416,"standard_error":31912517.269945156},"StdDev":{"confidence_interval":{"confidence_level":0.95,"lower_bound":85597800.25043987,"upper_bound":277952079.67408943},"point_estimate":207089633.38689694,"standard_error":51700692.726971835}}