{"Mean":{"confidence_interval":{"confidence_level":0.95,"lower_bound":1279486773.2043452,"upper_bound":1461591174.3361902},"point_estimate":1374137262.6501985,"standard_error":46720168.74217711},"Median":{"confidence_interval":{"confidence_level":0.95,"lower_bound":1172737999.0,"upper_bound":1514223607.375},"point_estimate":1429547030.3857143,"standard_error":91224015.42206705},"MedianAbsDev":{"confidence_interval":{"confidence_level":0.95,"lower_bound":6947222.924812138,"upper_bound":255062858.20612907},"point_estimate":143367844.24230197,"standard_error":74142678.80162427},"Slope":{"confidence_interval":{"confidence_level":0.95,"lower_bound":1387526773.3708518,"upper_bound":1493029962.3138583},"point_estimate":1445115009.4935064,"standard_error":27710200.10338445},"StdDev":{"confidence_interval":{"confidence_level":0.95,"lower_bound":90152209.64937462,"upper_bound":177052147.5190522},"point_estimate":155766365.4105318,"standard_error":21563497.114822093}}