{"Mean":{"confidence_interval":{"confidence_level":0.95,"lower_bound":213292071.12738097,"upper_bound":215460342.64333335},"point_estimate":214395179.70738095,"standard_error":554101.0551609049},"Median":{"confidence_interval":{"confidence_level":0.95,"lower_bound":212871808.92857143,"upper_bound":216008684.8},"point_estimate":214566987.6666667,"standard_error":957272.3000131119},"MedianAbsDev":{"confidence_interval":{"confidence_level":0.95,"lower_bound":351237.0764643028,"upper_bound":3069938.593147695},"point_estimate":2078427.8441405385,"standard_error":764761.1001397771},"Slope":{"confidence_interval":{"confidence_level":0.95,"lower_bound":213656954.4347825,"upper_bound":215787038.5024272},"point_estimate":215019394.49610388,"standard_error":548748.9309145766},"StdDev":{"confidence_interval":{"confidence_level":0.95,"lower_bound":1139952.0632759337,"upper_bound":2245693.0308842272},"point_estimate":1847484.5152457063,"standard_error":284470.52084284317}}