{"Mean":{"confidence_interval":{"confidence_level":0.95,"lower_bound":1476569563.4358335,"upper_bound":1669555969.9125},"point_estimate":1584841443.1158335,"standard_error":49895497.00816624},"Median":{"confidence_interval":{"confidence_level":0.95,"lower_bound":1508112731.5,"upper_bound":1710619202.3333333},"point_estimate":1615692702.6875,"standard_error":48071653.36303623},"MedianAbsDev":{"confidence_interval":{"confidence_level":0.95,"lower_bound":25758301.401148796,"upper_bound":218808086.34676018},"point_estimate":150118044.1636219,"standard_error":48694528.99573295},"Slope":{"confidence_interval":{"confidence_level":0.95,"lower_bound":1607021460.2982457,"upper_bound":1709905809.804763},"point_estimate":1671714624.2727273,"standard_error":26421450.877283253},"StdDev":{"confidence_interval":{"confidence_level":0.95,"lower_bound":61927445.93460212,"upper_bound":238949903.83267498},"point_estimate":166932176.07361946,"standard_error":53111650.01083958}}