{"Mean":{"confidence_interval":{"confidence_level":0.95,"lower_bound":1475171773.2484317,"upper_bound":1652893764.405485},"point_estimate":1579212546.199405,"standard_error":47159770.40124462},"Median":{"confidence_interval":{"confidence_level":0.95,"lower_bound":1556252389.9375,"upper_bound":1659714880.75},"point_estimate":1625442663.9166665,"standard_error":27023509.716522936},"MedianAbsDev":{"confidence_interval":{"confidence_level":0.95,"lower_bound":8294703.678889631,"upper_bound":151020422.10798413},"point_estimate":63705431.60241246,"standard_error":38242610.975912906},"Slope":{"confidence_interval":{"confidence_level":0.95,"lower_bound":1599174628.8766704,"upper_bound":1654932090.609156},"point_estimate":1628315231.581818,"standard_error":14101718.758286394},"StdDev":{"confidence_interval":{"confidence_level":0.95,"lower_bound":38735703.18197875,"upper_bound":233195618.20406342},"point_estimate":156620707.9115572,"standard_error":61265522.84873573}}