{"Mean":{"confidence_interval":{"confidence_level":0.95,"lower_bound":250387321.07916665,"upper_bound":278900994.1077381},"point_estimate":265176884.0820238,"standard_error":7295708.343484221},"Median":{"confidence_interval":{"confidence_level":0.95,"lower_bound":246852656.75,"upper_bound":282875091.0625},"point_estimate":272076694.55,"standard_error":10749093.05127395},"MedianAbsDev":{"confidence_interval":{"confidence_level":0.95,"lower_bound":3441874.0007445435,"upper_bound":41148389.65642002},"point_estimate":28710769.521231942,"standard_error":10288125.91243733},"Slope":{"confidence_interval":{"confidence_level":0.95,"lower_bound":263875838.61824784,"upper_bound":286541901.4959697},"point_estimate":278277259.28831166,"standard_error":5773569.409213406},"StdDev":{"confidence_interval":{"confidence_level":0.95,"lower_bound":13330126.835742708,"upper_bound":31294575.20263842},"point_estimate":24240940.78519842,"standard_error":4732471.168763198}}