{"Mean":{"confidence_interval":{"confidence_level":0.95,"lower_bound":1204574256.141667,"upper_bound":1318863218.1277776},"point_estimate":1259132679.7955556,"standard_error":29289709.083164036},"Median":{"confidence_interval":{"confidence_level":0.95,"lower_bound":1177750643.25,"upper_bound":1310045361.625},"point_estimate":1268243593.6444445,"standard_error":38845608.79924972},"MedianAbsDev":{"confidence_interval":{"confidence_level":0.95,"lower_bound":12834981.885233581,"upper_bound":169487168.38982633},"point_estimate":108567165.92644751,"standard_error":39115152.26297547},"Slope":{"confidence_interval":{"confidence_level":0.95,"lower_bound":1238235710.6260352,"upper_bound":1297996576.5858808},"point_estimate":1270069341.1506493,"standard_error":14866614.69416906},"StdDev":{"confidence_interval":{"confidence_level":0.95,"lower_bound":51163454.891296074,"upper_bound":129803146.04684043},"point_estimate":97604059.13904558,"standard_error":21740328.10987144}}