{"Mean":{"confidence_interval":{"confidence_level":0.95,"lower_bound":1417604429.1525397,"upper_bound":1576395851.8296478},"point_estimate":1506838233.6317062,"standard_error":41106634.98328839},"Median":{"confidence_interval":{"confidence_level":0.95,"lower_bound":1477760203.5166667,"upper_bound":1615548166.625},"point_estimate":1519695288.5,"standard_error":30342178.320538923},"MedianAbsDev":{"confidence_interval":{"confidence_level":0.95,"lower_bound":5519223.401664197,"upper_bound":173230973.10743544},"point_estimate":83353147.8720592,"standard_error":46694774.33535707},"Slope":{"confidence_interval":{"confidence_level":0.95,"lower_bound":1495277124.836573,"upper_bound":1599149002.92},"point_estimate":1542655315.0597403,"standard_error":26310752.89149764},"StdDev":{"confidence_interval":{"confidence_level":0.95,"lower_bound":48070977.90221555,"upper_bound":198359724.91042852},"point_estimate":137354028.94815245,"standard_error":45483239.974847995}}