{"Mean":{"confidence_interval":{"confidence_level":0.95,"lower_bound":1319176086.1950002,"upper_bound":1467954792.3061109},"point_estimate":1399348002.4738889,"standard_error":38384556.663683005},"Median":{"confidence_interval":{"confidence_level":0.95,"lower_bound":1298444077.0,"upper_bound":1495098490.5500002},"point_estimate":1448338657.25,"standard_error":46101140.28619115},"MedianAbsDev":{"confidence_interval":{"confidence_level":0.95,"lower_bound":11871247.836176634,"upper_bound":205151047.80794084},"point_estimate":91189253.36467716,"standard_error":46174533.11137917},"Slope":{"confidence_interval":{"confidence_level":0.95,"lower_bound":1430412816.9067445,"upper_bound":1497592298.3358207},"point_estimate":1472184218.2337663,"standard_error":17390466.25867365},"StdDev":{"confidence_interval":{"confidence_level":0.95,"lower_bound":47386158.29029186,"upper_bound":161497718.2937855},"point_estimate":128293100.6115672,"standard_error":29370943.342930663}}