{"Mean":{"confidence_interval":{"confidence_level":0.95,"lower_bound":214339827.42199206,"upper_bound":218389615.30681247},"point_estimate":216102831.16956347,"standard_error":1047813.1006163775},"Median":{"confidence_interval":{"confidence_level":0.95,"lower_bound":214132738.22142857,"upper_bound":216887447.0},"point_estimate":215879019.75,"standard_error":883661.9848924896},"MedianAbsDev":{"confidence_interval":{"confidence_level":0.95,"lower_bound":244726.09536522184,"upper_bound":4025852.4053643453},"point_estimate":2084883.0341234335,"standard_error":1004542.5234500837},"Slope":{"confidence_interval":{"confidence_level":0.95,"lower_bound":213299327.54617935,"upper_bound":218756595.53968254},"point_estimate":215358899.68311688,"standard_error":1394316.7473637622},"StdDev":{"confidence_interval":{"confidence_level":0.95,"lower_bound":1091539.3428980517,"upper_bound":5070526.584512007},"point_estimate":3487715.584933383,"standard_error":1190861.8965588016}}