{"Mean":{"confidence_interval":{"confidence_level":0.95,"lower_bound":218396598.51857144,"upper_bound":223648126.57178575},"point_estimate":221002645.2367857,"standard_error":1337483.117298432},"Median":{"confidence_interval":{"confidence_level":0.95,"lower_bound":218199073.85,"upper_bound":223293307.82142857},"point_estimate":221089987.5,"standard_error":1253607.4397256842},"MedianAbsDev":{"confidence_interval":{"confidence_level":0.95,"lower_bound":891867.9158161856,"upper_bound":7733450.231316313},"point_estimate":2802305.2056491375,"standard_error":1737674.7965901028},"Slope":{"confidence_interval":{"confidence_level":0.95,"lower_bound":219321556.78313252,"upper_bound":225454263.89140272},"point_estimate":222093944.78441557,"standard_error":1587758.4768212945},"StdDev":{"confidence_interval":{"confidence_level":0.95,"lower_bound":1814603.5874744619,"upper_bound":6096160.747387175},"point_estimate":4461317.113140725,"standard_error":1059480.2429647963}}