{"Mean":{"confidence_interval":{"confidence_level":0.95,"lower_bound":1411336768.2666667,"upper_bound":1597710475.002143},"point_estimate":1515853942.1402383,"standard_error":48311659.032096125},"Median":{"confidence_interval":{"confidence_level":0.95,"lower_bound":1430397568.0,"upper_bound":1634067734.3333333},"point_estimate":1572568416.642857,"standard_error":46393500.93941839},"MedianAbsDev":{"confidence_interval":{"confidence_level":0.95,"lower_bound":15782282.378398383,"upper_bound":214593074.72102132},"point_estimate":98806339.0851469,"standard_error":51614400.18883193},"Slope":{"confidence_interval":{"confidence_level":0.95,"lower_bound":1531000812.8663988,"upper_bound":1623803539.0664234},"point_estimate":1591838156.8467534,"standard_error":23821718.663487267},"StdDev":{"confidence_interval":{"confidence_level":0.95,"lower_bound":48823270.710500546,"upper_bound":222647762.39566857},"point_estimate":160683525.3232952,"standard_error":48241578.52401118}}