{"Mean":{"confidence_interval":{"confidence_level":0.95,"lower_bound":1449253255.3790655,"upper_bound":1626528419.45501},"point_estimate":1552388061.655635,"standard_error":46712094.19997378},"Median":{"confidence_interval":{"confidence_level":0.95,"lower_bound":1518454908.0,"upper_bound":1649241020.6666667},"point_estimate":1602170861.088889,"standard_error":39957240.45798718},"MedianAbsDev":{"confidence_interval":{"confidence_level":0.95,"lower_bound":15151389.577142712,"upper_bound":161413515.5758435},"point_estimate":74118035.41530184,"standard_error":37896156.44692497},"Slope":{"confidence_interval":{"confidence_level":0.95,"lower_bound":1578930002.3202417,"upper_bound":1650947712.5438073},"point_estimate":1623865518.2077923,"standard_error":18303053.810623303},"StdDev":{"confidence_interval":{"confidence_level":0.95,"lower_bound":45708376.24022099,"upper_bound":230808018.50432655},"point_estimate":156018813.1870091,"standard_error":58647136.753881544}}