{"Mean":{"confidence_interval":{"confidence_level":0.95,"lower_bound":215676049.96000397,"upper_bound":220335222.72701395},"point_estimate":217631115.9318254,"standard_error":1228765.048088293},"Median":{"confidence_interval":{"confidence_level":0.95,"lower_bound":215514896.76190478,"upper_bound":218341206.5},"point_estimate":216561130.7083333,"standard_error":765421.3979090282},"MedianAbsDev":{"confidence_interval":{"confidence_level":0.95,"lower_bound":470452.7991477869,"upper_bound":4112368.6875708853},"point_estimate":1901941.1889087583,"standard_error":947063.5497721221},"Slope":{"confidence_interval":{"confidence_level":0.95,"lower_bound":214690769.54697806,"upper_bound":219787551.66332287},"point_estimate":216752236.71688312,"standard_error":1304079.1176374902},"StdDev":{"confidence_interval":{"confidence_level":0.95,"lower_bound":1089313.0632753107,"upper_bound":6073753.927781458},"point_estimate":4095556.407038994,"standard_error":1554486.936363232}}