{"Mean":{"confidence_interval":{"confidence_level":0.95,"lower_bound":1450865426.3727324,"upper_bound":1634762645.7066665},"point_estimate":1556514994.7611904,"standard_error":48008269.731499314},"Median":{"confidence_interval":{"confidence_level":0.95,"lower_bound":1508065925.625,"upper_bound":1651246029.8},"point_estimate":1611168647.0833335,"standard_error":45181130.81627564},"MedianAbsDev":{"confidence_interval":{"confidence_level":0.95,"lower_bound":15611906.523708254,"upper_bound":184113816.65926638},"point_estimate":103600803.63136809,"standard_error":44800941.714890115},"Slope":{"confidence_interval":{"confidence_level":0.95,"lower_bound":1576885016.6015937,"upper_bound":1648628701.044244},"point_estimate":1619978725.2181818,"standard_error":18297873.20019911},"StdDev":{"confidence_interval":{"confidence_level":0.95,"lower_bound":52769469.09099662,"upper_bound":233194141.0510877},"point_estimate":159642631.4010238,"standard_error":56500960.43440492}}