{"Mean":{"confidence_interval":{"confidence_level":0.95,"lower_bound":211461766.555,"upper_bound":214646044.325},"point_estimate":213208934.13865077,"standard_error":820576.1119586084},"Median":{"confidence_interval":{"confidence_level":0.95,"lower_bound":211811903.10714287,"upper_bound":215336000.325},"point_estimate":213586032.0,"standard_error":881548.2229337242},"MedianAbsDev":{"confidence_interval":{"confidence_level":0.95,"lower_bound":542693.1759219776,"upper_bound":3947305.633987963},"point_estimate":2144859.1994794607,"standard_error":918301.9260528275},"Slope":{"confidence_interval":{"confidence_level":0.95,"lower_bound":213357043.73184088,"upper_bound":215397679.44659054},"point_estimate":214657033.36883116,"standard_error":521437.6709006182},"StdDev":{"confidence_interval":{"confidence_level":0.95,"lower_bound":1127766.9014954052,"upper_bound":3789191.0953970673},"point_estimate":2739946.2511519417,"standard_error":766564.2052894644}}