{"Mean":{"confidence_interval":{"confidence_level":0.95,"lower_bound":214261913.51333332,"upper_bound":216999050.07523808},"point_estimate":215624579.73714286,"standard_error":701259.4676404092},"Median":{"confidence_interval":{"confidence_level":0.95,"lower_bound":213310308.83333334,"upper_bound":218110599.57142857},"point_estimate":215821986.65,"standard_error":1206077.8491398527},"MedianAbsDev":{"confidence_interval":{"confidence_level":0.95,"lower_bound":481042.6577598004,"upper_bound":3942742.038302326},"point_estimate":3353436.9652645895,"standard_error":996726.9466674665},"Slope":{"confidence_interval":{"confidence_level":0.95,"lower_bound":214950336.1986918,"upper_bound":217855625.16635376},"point_estimate":216423796.2805195,"standard_error":745725.9869082222},"StdDev":{"confidence_interval":{"confidence_level":0.95,"lower_bound":1461036.4338645362,"upper_bound":2741076.193227305},"point_estimate":2338639.1788613796,"standard_error":320744.8576493403}}