{"Mean":{"confidence_interval":{"confidence_level":0.95,"lower_bound":213728400.4778284,"upper_bound":216514054.05356053},"point_estimate":215099330.82599205,"standard_error":711969.4296946784},"Median":{"confidence_interval":{"confidence_level":0.95,"lower_bound":213612166.0,"upper_bound":216539781.25},"point_estimate":214913690.5625,"standard_error":662925.5984247036},"MedianAbsDev":{"confidence_interval":{"confidence_level":0.95,"lower_bound":446652.62177032453,"upper_bound":3968798.0691997344},"point_estimate":1800688.091531396,"standard_error":901985.3983577299},"Slope":{"confidence_interval":{"confidence_level":0.95,"lower_bound":214074930.53545335,"upper_bound":215665440.97478992},"point_estimate":214861664.8103896,"standard_error":409539.2252152199},"StdDev":{"confidence_interval":{"confidence_level":0.95,"lower_bound":996169.8004857134,"upper_bound":3211093.472329963},"point_estimate":2370245.624774517,"standard_error":555116.9046127949}}