{"Mean":{"confidence_interval":{"confidence_level":0.95,"lower_bound":1496050383.3843694,"upper_bound":1672894256.1222222},"point_estimate":1596998733.9231744,"standard_error":46062211.701692626},"Median":{"confidence_interval":{"confidence_level":0.95,"lower_bound":1511781433.0,"upper_bound":1697566832.7},"point_estimate":1649417169.6825397,"standard_error":43917492.83559893},"MedianAbsDev":{"confidence_interval":{"confidence_level":0.95,"lower_bound":14659041.929849982,"upper_bound":204058739.58276656},"point_estimate":78716210.08724463,"standard_error":45714229.28023342},"Slope":{"confidence_interval":{"confidence_level":0.95,"lower_bound":1625843776.9928825,"upper_bound":1696826083.3002605},"point_estimate":1667279666.8675325,"standard_error":18486629.392704707},"StdDev":{"confidence_interval":{"confidence_level":0.95,"lower_bound":38611796.535453975,"upper_bound":219029462.3078062},"point_estimate":152906127.70889732,"standard_error":50865624.09224093}}