{"Mean":{"confidence_interval":{"confidence_level":0.95,"lower_bound":216669431.5471429,"upper_bound":221035056.09},"point_estimate":218787832.19464287,"standard_error":1118674.3808316828},"Median":{"confidence_interval":{"confidence_level":0.95,"lower_bound":215632095.34821427,"upper_bound":221820741.25},"point_estimate":218220318.25,"standard_error":1966634.8813065852},"MedianAbsDev":{"confidence_interval":{"confidence_level":0.95,"lower_bound":598375.6814517081,"upper_bound":6504856.667240739},"point_estimate":4032624.021894112,"standard_error":1581982.336641312},"Slope":{"confidence_interval":{"confidence_level":0.95,"lower_bound":215536940.5945946,"upper_bound":218897194.74358973},"point_estimate":216768311.57662338,"standard_error":846565.3995983972},"StdDev":{"confidence_interval":{"confidence_level":0.95,"lower_bound":2247807.099719569,"upper_bound":4599799.730302493},"point_estimate":3730143.984851979,"standard_error":619126.1709216475}}