{"Mean":{"confidence_interval":{"confidence_level":0.95,"lower_bound":213161808.11666667,"upper_bound":214266352.60279164},"point_estimate":213706433.70166665,"standard_error":280783.2640932566},"Median":{"confidence_interval":{"confidence_level":0.95,"lower_bound":213220306.0,"upper_bound":214120038.925},"point_estimate":213767099.5,"standard_error":234818.5927648989},"MedianAbsDev":{"confidence_interval":{"confidence_level":0.95,"lower_bound":41496.490663290024,"upper_bound":1477707.5173154399},"point_estimate":726961.021193862,"standard_error":354911.60143475246},"Slope":{"confidence_interval":{"confidence_level":0.95,"lower_bound":212751436.2116041,"upper_bound":214363134.59846547},"point_estimate":213524204.46753246,"standard_error":409722.49813768576},"StdDev":{"confidence_interval":{"confidence_level":0.95,"lower_bound":321057.6307568081,"upper_bound":1289720.9497601697},"point_estimate":934304.7801886704,"standard_error":248968.6397614418}}