{"Mean":{"confidence_interval":{"confidence_level":0.95,"lower_bound":1472380894.3365505,"upper_bound":1695003415.4483333},"point_estimate":1595623384.0201983,"standard_error":57327681.99768164},"Median":{"confidence_interval":{"confidence_level":0.95,"lower_bound":1501647915.2291665,"upper_bound":1700914326.702381},"point_estimate":1635724253.8444443,"standard_error":39545940.95694542},"MedianAbsDev":{"confidence_interval":{"confidence_level":0.95,"lower_bound":12530122.875159074,"upper_bound":303289445.79880255},"point_estimate":54731766.89367183,"standard_error":72833581.15664023},"Slope":{"confidence_interval":{"confidence_level":0.95,"lower_bound":1608197816.2793102,"upper_bound":1672642468.9414062},"point_estimate":1639218005.238961,"standard_error":16224243.208975628},"StdDev":{"confidence_interval":{"confidence_level":0.95,"lower_bound":58690108.65663262,"upper_bound":265107360.62750384},"point_estimate":190984697.3089693,"standard_error":56058713.57113663}}