{"Mean":{"confidence_interval":{"confidence_level":0.95,"lower_bound":1507952981.3283334,"upper_bound":1716446122.3616667},"point_estimate":1631672458.2727778,"standard_error":55312603.93629886},"Median":{"confidence_interval":{"confidence_level":0.95,"lower_bound":1600747963.875,"upper_bound":1724624071.8333335},"point_estimate":1708972445.2222223,"standard_error":34914994.42668642},"MedianAbsDev":{"confidence_interval":{"confidence_level":0.95,"lower_bound":5744542.941134047,"upper_bound":161541562.82806402},"point_estimate":28999113.53308788,"standard_error":45112246.32915423},"Slope":{"confidence_interval":{"confidence_level":0.95,"lower_bound":1695257223.1839464,"upper_bound":1728708145.779678},"point_estimate":1714316001.851948,"standard_error":8527474.355479239},"StdDev":{"confidence_interval":{"confidence_level":0.95,"lower_bound":24694795.35276438,"upper_bound":272447459.2466129},"point_estimate":183943858.28268662,"standard_error":73134326.10258989}}