{"Mean":{"confidence_interval":{"confidence_level":0.95,"lower_bound":246419641.8452778,"upper_bound":272210233.530999},"point_estimate":258894480.83353177,"standard_error":6622373.760464478},"Median":{"confidence_interval":{"confidence_level":0.95,"lower_bound":241545109.4,"upper_bound":274977571.72321427},"point_estimate":253647884.0,"standard_error":7266946.728466298},"MedianAbsDev":{"confidence_interval":{"confidence_level":0.95,"lower_bound":1769660.9970555692,"upper_bound":39602160.1515986},"point_estimate":18995233.03802719,"standard_error":10567046.362131055},"Slope":{"confidence_interval":{"confidence_level":0.95,"lower_bound":249535324.04064837,"upper_bound":272699281.3695652},"point_estimate":259022105.2857143,"standard_error":6132921.155026237},"StdDev":{"confidence_interval":{"confidence_level":0.95,"lower_bound":11117176.697549952,"upper_bound":27993835.61863073},"point_estimate":22039907.05046802,"standard_error":4304819.845822236}}