{"Mean":{"confidence_interval":{"confidence_level":0.95,"lower_bound":211100282.27238098,"upper_bound":212721149.04988095},"point_estimate":211915452.90488094,"standard_error":412008.6646468164},"Median":{"confidence_interval":{"confidence_level":0.95,"lower_bound":211068725.5,"upper_bound":212664382.01666665},"point_estimate":212077373.11607143,"standard_error":469379.01380544284},"MedianAbsDev":{"confidence_interval":{"confidence_level":0.95,"lower_bound":251793.90712977192,"upper_bound":2401751.91206038},"point_estimate":1297026.913283153,"standard_error":513717.04222369107},"Slope":{"confidence_interval":{"confidence_level":0.95,"lower_bound":211480452.89491525,"upper_bound":212618560.36228287},"point_estimate":212179519.1090909,"standard_error":293266.19371838955},"StdDev":{"confidence_interval":{"confidence_level":0.95,"lower_bound":634177.0114936277,"upper_bound":1835144.9427581262},"point_estimate":1369575.1054326037,"standard_error":313079.22147307405}}