{"Mean":{"confidence_interval":{"confidence_level":0.95,"lower_bound":1326557207.623375,"upper_bound":1456994344.7792857},"point_estimate":1400817351.3192856,"standard_error":33975230.66985715},"Median":{"confidence_interval":{"confidence_level":0.95,"lower_bound":1347878274.0,"upper_bound":1472130286.4},"point_estimate":1431158466.95,"standard_error":30669704.67969852},"MedianAbsDev":{"confidence_interval":{"confidence_level":0.95,"lower_bound":11325538.30943145,"upper_bound":139050824.14724454},"point_estimate":61993141.47985168,"standard_error":33074119.492195394},"Slope":{"confidence_interval":{"confidence_level":0.95,"lower_bound":1382217901.246359,"upper_bound":1459736309.7674155},"point_estimate":1425083129.012987,"standard_error":20058582.37408955},"StdDev":{"confidence_interval":{"confidence_level":0.95,"lower_bound":37744600.79595373,"upper_bound":163119613.91626596},"point_estimate":113232512.48519357,"standard_error":37666988.490766816}}