{"Mean":{"confidence_interval":{"confidence_level":0.95,"lower_bound":212118004.80833334,"upper_bound":214600414.89249998},"point_estimate":213496060.83345237,"standard_error":638184.8220399567},"Median":{"confidence_interval":{"confidence_level":0.95,"lower_bound":213055581.8333333,"upper_bound":214792066.75},"point_estimate":213550002.57142857,"standard_error":488064.38801614195},"MedianAbsDev":{"confidence_interval":{"confidence_level":0.95,"lower_bound":37764.72034202957,"upper_bound":2608575.646208529},"point_estimate":953551.3218110962,"standard_error":635119.099176085},"Slope":{"confidence_interval":{"confidence_level":0.95,"lower_bound":213302593.1444317,"upper_bound":215482341.6401766},"point_estimate":214314883.22597402,"standard_error":617118.2746981814},"StdDev":{"confidence_interval":{"confidence_level":0.95,"lower_bound":629482.0490733868,"upper_bound":3069542.3401863975},"point_estimate":2121688.3425287562,"standard_error":707821.6866530459}}