{"Mean":{"confidence_interval":{"confidence_level":0.95,"lower_bound":215962121.27250004,"upper_bound":217666786.93094048},"point_estimate":216853954.67178568,"standard_error":436682.1925654344},"Median":{"confidence_interval":{"confidence_level":0.95,"lower_bound":216048641.4,"upper_bound":218205468.33333334},"point_estimate":216890985.07142857,"standard_error":578659.7973014985},"MedianAbsDev":{"confidence_interval":{"confidence_level":0.95,"lower_bound":298000.51906942436,"upper_bound":2636931.592085126},"point_estimate":1363302.0796565348,"standard_error":576632.4241619551},"Slope":{"confidence_interval":{"confidence_level":0.95,"lower_bound":215358454.0329741,"upper_bound":218216044.79220745},"point_estimate":217077438.12987012,"standard_error":745322.1028989591},"StdDev":{"confidence_interval":{"confidence_level":0.95,"lower_bound":774363.74024989,"upper_bound":1923827.623155728},"point_estimate":1455867.2923777173,"standard_error":314895.47493908415}}