{"Mean":{"confidence_interval":{"confidence_level":0.95,"lower_bound":1460947003.4220138,"upper_bound":1674922454.3822224},"point_estimate":1576355813.1755557,"standard_error":54851779.98706247},"Median":{"confidence_interval":{"confidence_level":0.95,"lower_bound":1455362020.875,"upper_bound":1723547301.3777778},"point_estimate":1607287073.25,"standard_error":76646158.42496811},"MedianAbsDev":{"confidence_interval":{"confidence_level":0.95,"lower_bound":7237331.971936673,"upper_bound":303331698.01538587},"point_estimate":167989793.29841834,"standard_error":75348583.56960995},"Slope":{"confidence_interval":{"confidence_level":0.95,"lower_bound":1606194185.0072603,"upper_bound":1725373070.8162792},"point_estimate":1683833457.051948,"standard_error":30713896.015084784},"StdDev":{"confidence_interval":{"confidence_level":0.95,"lower_bound":87356601.04404765,"upper_bound":242749384.39217034},"point_estimate":183386744.1436515,"standard_error":42914282.699716225}}