{"Mean":{"confidence_interval":{"confidence_level":0.95,"lower_bound":231526484.41317266,"upper_bound":247823752.5693651},"point_estimate":240015203.38686508,"standard_error":4188411.88454382},"Median":{"confidence_interval":{"confidence_level":0.95,"lower_bound":223783145.2222222,"upper_bound":251538614.25},"point_estimate":243016093.7357143,"standard_error":6022089.421662267},"MedianAbsDev":{"confidence_interval":{"confidence_level":0.95,"lower_bound":630259.475730662,"upper_bound":21213010.03009379},"point_estimate":12884516.930584097,"standard_error":5708495.770483155},"Slope":{"confidence_interval":{"confidence_level":0.95,"lower_bound":225531511.35407728,"upper_bound":245576586.83450705},"point_estimate":235077376.62857142,"standard_error":5109313.91355526},"StdDev":{"confidence_interval":{"confidence_level":0.95,"lower_bound":6326874.9077670155,"upper_bound":16698582.885630328},"point_estimate":13966471.571228266,"standard_error":2368119.6136139603}}