{"Mean":{"confidence_interval":{"confidence_level":0.95,"lower_bound":212465998.8564286,"upper_bound":214978530.9456548},"point_estimate":213689275.14841267,"standard_error":643055.4599116462},"Median":{"confidence_interval":{"confidence_level":0.95,"lower_bound":212146648.66666666,"upper_bound":215408186.8888889},"point_estimate":213495741.5,"standard_error":844486.4351447432},"MedianAbsDev":{"confidence_interval":{"confidence_level":0.95,"lower_bound":592156.6775871207,"upper_bound":3671907.046760626},"point_estimate":2266394.488063462,"standard_error":773555.8068516555},"Slope":{"confidence_interval":{"confidence_level":0.95,"lower_bound":212395225.570005,"upper_bound":214782204.94673988},"point_estimate":213575979.55324677,"standard_error":630316.8072817596},"StdDev":{"confidence_interval":{"confidence_level":0.95,"lower_bound":1144604.1310125296,"upper_bound":2789687.758138037},"point_estimate":2142672.4081554236,"standard_error":429427.15785062936}}