{"Mean":{"confidence_interval":{"confidence_level":0.95,"lower_bound":1243977380.297619,"upper_bound":1513886260.963571},"point_estimate":1373719708.6348412,"standard_error":69552298.29220997},"Median":{"confidence_interval":{"confidence_level":0.95,"lower_bound":1149376429.6666667,"upper_bound":1632385500.2222223},"point_estimate":1333153132.9047618,"standard_error":126938402.72738916},"MedianAbsDev":{"confidence_interval":{"confidence_level":0.95,"lower_bound":4539852.4777613655,"upper_bound":380187371.40964484},"point_estimate":273285792.8876272,"standard_error":112362999.32064325},"Slope":{"confidence_interval":{"confidence_level":0.95,"lower_bound":1338179217.6684492,"upper_bound":1632790614.5450819},"point_estimate":1534452279.5636363,"standard_error":73789691.93289344},"StdDev":{"confidence_interval":{"confidence_level":0.95,"lower_bound":129712408.57279083,"upper_bound":269467366.5912931},"point_estimate":231345966.86485046,"standard_error":33779768.34274146}}