{"Mean":{"confidence_interval":{"confidence_level":0.95,"lower_bound":1451822858.8591666,"upper_bound":1564235720.841111},"point_estimate":1513405672.1477778,"standard_error":28905239.32648043},"Median":{"confidence_interval":{"confidence_level":0.95,"lower_bound":1447674824.5833335,"upper_bound":1584418173.0},"point_estimate":1536410252.8055556,"standard_error":34081621.266975515},"MedianAbsDev":{"confidence_interval":{"confidence_level":0.95,"lower_bound":4698465.69313556,"upper_bound":139527307.09349513},"point_estimate":67024404.940602206,"standard_error":38130430.28446863},"Slope":{"confidence_interval":{"confidence_level":0.95,"lower_bound":1532468302.6244133,"upper_bound":1584355382.6855345},"point_estimate":1566422791.8649352,"standard_error":13352334.941550892},"StdDev":{"confidence_interval":{"confidence_level":0.95,"lower_bound":34874101.68605263,"upper_bound":127253547.26744695},"point_estimate":96491996.69696227,"standard_error":24836974.90960698}}