{"Mean":{"confidence_interval":{"confidence_level":0.95,"lower_bound":213533748.7096607,"upper_bound":214954150.77791664},"point_estimate":214266721.23642856,"standard_error":364091.3263661913},"Median":{"confidence_interval":{"confidence_level":0.95,"lower_bound":213184219.4,"upper_bound":215509655.5},"point_estimate":214349650.875,"standard_error":610252.3682362337},"MedianAbsDev":{"confidence_interval":{"confidence_level":0.95,"lower_bound":93198.74064537477,"upper_bound":2108470.4592871782},"point_estimate":1723845.7503256158,"standard_error":498704.1496211516},"Slope":{"confidence_interval":{"confidence_level":0.95,"lower_bound":213954916.57954547,"upper_bound":215256284.530343},"point_estimate":214632706.46753246,"standard_error":338243.12487199105},"StdDev":{"confidence_interval":{"confidence_level":0.95,"lower_bound":723068.6074605546,"upper_bound":1499742.2567056676},"point_estimate":1210719.2125352386,"standard_error":203751.30834969817}}