{"Mean":{"confidence_interval":{"confidence_level":0.95,"lower_bound":213227549.56166667,"upper_bound":214682576.48732144},"point_estimate":213924666.03738096,"standard_error":371330.22803918994},"Median":{"confidence_interval":{"confidence_level":0.95,"lower_bound":212762338.125,"upper_bound":214892067.85714287},"point_estimate":213880786.9,"standard_error":683433.9739537424},"MedianAbsDev":{"confidence_interval":{"confidence_level":0.95,"lower_bound":162984.4390064478,"upper_bound":2259730.44828178},"point_estimate":1506060.4503370821,"standard_error":562522.6191533952},"Slope":{"confidence_interval":{"confidence_level":0.95,"lower_bound":213017844.47044918,"upper_bound":214622627.40890688},"point_estimate":213756948.70909092,"standard_error":418674.05501676764},"StdDev":{"confidence_interval":{"confidence_level":0.95,"lower_bound":764202.8349273441,"upper_bound":1528398.5274571273},"point_estimate":1232855.8802734197,"standard_error":204165.28060137364}}