{"Mean":{"confidence_interval":{"confidence_level":0.95,"lower_bound":1387727277.4041667,"upper_bound":1553523954.0700002},"point_estimate":1478473857.2929764,"standard_error":42490133.20704045},"Median":{"confidence_interval":{"confidence_level":0.95,"lower_bound":1426244185.6666665,"upper_bound":1585745963.4},"point_estimate":1493706111.5357141,"standard_error":41070161.63970264},"MedianAbsDev":{"confidence_interval":{"confidence_level":0.95,"lower_bound":28879459.56973713,"upper_bound":207541988.79514349},"point_estimate":111633271.09057084,"standard_error":46259289.790756576},"Slope":{"confidence_interval":{"confidence_level":0.95,"lower_bound":1434619597.657186,"upper_bound":1542648911.808859},"point_estimate":1473107719.1896105,"standard_error":27396102.901117057},"StdDev":{"confidence_interval":{"confidence_level":0.95,"lower_bound":59298112.824322864,"upper_bound":199145919.64094532},"point_estimate":141645029.43297628,"standard_error":41270590.189437844}}