{"Mean":{"confidence_interval":{"confidence_level":0.95,"lower_bound":214793868.35590768,"upper_bound":219345963.5615357},"point_estimate":216929056.9570238,"standard_error":1168449.0755901127},"Median":{"confidence_interval":{"confidence_level":0.95,"lower_bound":214227864.0,"upper_bound":220412771.6},"point_estimate":215291669.52678573,"standard_error":1497833.3608896323},"MedianAbsDev":{"confidence_interval":{"confidence_level":0.95,"lower_bound":344655.32980617,"upper_bound":6360967.662290251},"point_estimate":3001343.906175493,"standard_error":1647899.2751943942},"Slope":{"confidence_interval":{"confidence_level":0.95,"lower_bound":215964058.50071242,"upper_bound":220847214.54003522},"point_estimate":218384302.7194805,"standard_error":1249320.5811450565},"StdDev":{"confidence_interval":{"confidence_level":0.95,"lower_bound":1685667.2506195991,"upper_bound":4913589.397313282},"point_estimate":3908067.2377957427,"standard_error":813026.210078724}}