{"Mean":{"confidence_interval":{"confidence_level":0.95,"lower_bound":1509497632.8424284,"upper_bound":1719568906.631859},"point_estimate":1630473827.9011507,"standard_error":54371945.753834285},"Median":{"confidence_interval":{"confidence_level":0.95,"lower_bound":1619325482.7,"upper_bound":1697419808.8888888},"point_estimate":1667270563.2571428,"standard_error":24017909.944105804},"MedianAbsDev":{"confidence_interval":{"confidence_level":0.95,"lower_bound":9584200.339238137,"upper_bound":180591789.7457049},"point_estimate":44829936.382590435,"standard_error":38191520.740730114},"Slope":{"confidence_interval":{"confidence_level":0.95,"lower_bound":1630758216.7211895,"upper_bound":1684751365.3832686},"point_estimate":1665131084.1584415,"standard_error":13863573.404352872},"StdDev":{"confidence_interval":{"confidence_level":0.95,"lower_bound":28658156.464747205,"upper_bound":268820825.06071514},"point_estimate":181510342.71676788,"standard_error":72134379.3100051}}